Australian Broadcasting Corporation,https://www.abc.net.au
SBS,https://www.sbs.com.au
News.com.au,https://www.news.com.au
Sydney Morning Herald,https://www.smh.com.au
The Australian,https://www.theaustralian.com.au
Sky News,https://www.skynews.com.au
The Guardian,https://www.theguardian.com.au
Mumbrella,https://mumbrella.com.au
Crikey,https://www.crikey.com.au
Mamamia,https://www.mamamia.com.au
New Matilda,https://newmatilda.com
HSBC,https://hsbc.com.au
Bank of Queensland,https://www.boq.com.au
ME Bank,https://www.mebank.com.au
ANZ,https://www.anz.com
NAB,https://www.nab.com.au
Westpac,https://www.westpac.com.au
Bendigo Bank,https://www.bendigobank.com.au
Citibank,https://www.citibank.com.au
Bankwest,https://www.bankwest.com.au
St.George,https://www.stgeorge.com.au
Peoples Choice Credit Union,https://www.peopleschoicecu.com.au
Commonwealth,https://www.commbank.com.au
eBay,https://www.ebay.com.au
Gumtree,https://www.gumtree.com.au
Realestate.com.au,https://www.realestate.com.au
Woolworths,https://www.woolworths.com.au
Target,https://www.target.com.au
Bunnings Warehouse,https://www.bunnings.com.au
Myer,https://www.myer.com.au
Coles,https://www.coles.com.au
Big W,https://www.bigw.com.au
JB Hifi,https://www.jbhifi.com.au
Officeworks,https://www.officeworks.com.au
Internode,https://www.internode.on.net
Adam Internet,https://www.adam.com.au
iiNet,https://www.iinet.net.au
Westnet,https://www.westnet.com.au
Optus,https://www.optus.com.au
NBNco,https://www.nbnco.com.au
Telstra,https://www.telstra.com.au
TPG,https://www.tpg.com.au
Virgin Mobile,https://www.virginmobile.com.au
Amaysim,https://www.amaysim.com.au
iTnews,https://www.itnews.com.au
linux.conf.au,https://linux.conf.au
Halfbrick Studios,https://halfbrick.com
MYOB,https://myob.com.au
Technologyone corp,https://www.technologyonecorp.com
Risky Business InfoSec podcast,https://risky.biz
Atlassian,https://www.atlassian.com
Whirlpool,https://whirlpool.net.au
HTTPSWatchAU,https://httpswatch.com.au
Flight Centre,https://www.flightcentre.com.au
Tourism Australia,https://www.australia.com
Expedia,https://www.expedia.com.au
Webjet,https://www.webjet.com.au
Qantas,https://www.qantas.com.au
YHA Australia,https://www.yha.com.au
University of Sydney,https://www.sydney.edu.au
Australian National University,https://www.anu.edu.au
Deakin University,https://www.deakin.edu.au
Monash University,https://www.monash.edu.au
The University of Adelaide,https://www.adelaide.edu.au
University of South Australia,https://www.unisa.edu.au
University of Melbourne,https://www.unimelb.edu.au
University of Queensland,https://www.uq.edu.au
AGL Energy,https://www.agl.com.au
EnergyAustralia,https://www.energyaustralia.com.au
Origin Energy,https://www.originenergy.com.au
synergy Energy,https://www.synergy.net.au
Australian Football League,https://www.afl.com.au
Get Up!,https://www.getup.org.au
Access to Justice,https://accesstojustice.gov.au
Attorney-General's Department,https://ag.gov.au
Administrative Review Council,https://arc.ag.gov.au
Attorney-General; Minister for the Arts,https://attorneygeneral.gov.au
CERT Australia,https://cert.gov.au
Australian Classification - films,https://classification.gov.au
ComLaw - Commonwealth of Australia Law,https://comlaw.gov.au
Disaster Assist,https://disasterassist.gov.au
Australian Emergency Management,https://em.gov.au
Living Safe Together,https://livingsafetogether.gov.au
Minister for Justice,https://ministerjustice.gov.au
Australian National Security,https://nationalsecurity.gov.au
Pacific Islands Law Officers' Network,https://pilonsec.org
Protective Security Policy Framework (PSPF),https://protectivesecurity.gov.au
Trusted Information Sharing Network,https://tisn.gov.au
Triple Zero (000) - Australia's emergency call service,https://triplezero.gov.au
blogs@CSIRO,https://blogs.csiro.au
Nuclear microprobe analysis at CSIRO,https://nmp.csiro.au
Australia Telescope Outreach and Education,https://outreach.atnf.csiro.au
ActivFire Register of Fire Protection Equipment,https://activfire.gov.au
Atlas of Living Australia,https://ala.org.au
Australian Paint Approval Scheme,https://apas.gov.au
Australian Soil Resource Information System,https://asris.csiro.au
Australia Telescope National Facility,https://atnf.csiro.au
Australian Collaborative Land Evaluation Program,https://clw.csiro.au
CSIRO - Commonwealth Scientific and Industrial Research Organisation,https://csiro.au
CSIROpedia,https://csiropedia.csiro.au
eWater,https://ewater.com.au
CSIRO GrazPlan,https://grazplan.csiro.au
Pastures from space,https://pasturesfromspace.csiro.au
CSIRO Publishing,https://publish.csiro.au
Science Image,https://scienceimage.csiro.au
CSIRO Sensornets,https://sensornets.csiro.au
CSIRO Solve,https://solve.csiro.au
Australian Health Practitioner Regulation Agency (AHPRA),https://ahpra.gov.au
Aboriginal and Torres Strait Islander Health Practice Board of Australia,https://atsihealthpracticeboard.gov.au
Chinese Medicine Board of Australia,https://chinesemedicineboard.gov.au
Chiropractic Board of Australia,https://chiropracticboard.gov.au
Dental Board of Australia,https://dentalboard.gov.au
Medical Board of Australia,https://medicalboard.gov.au
Medical Radiation Practice Board of Australia,https://medicalradiationpracticeboard.gov.au
Nursing and Midwifery Board of Australia,https://nursingmidwiferyboard.gov.au
Occupational Therapy Board of Australia,https://occupationaltherapyboard.gov.au
Optometry Board of Australia,https://optometryboard.gov.au
Osteopathy Board of Australia,https://osteopathyboard.gov.au
Pharmacy Board of Australia,https://pharmacyboard.gov.au
Physiotherapy Board of Australia,https://physiotherapyboard.gov.au
Podiatry Board of Australia,https://podiatryboard.gov.au
Psychology Board of Australia,https://psychologyboard.gov.au
Country Matters - Social Atlas of Rural and Regional Australia,https://adl.brs.gov.au
Australian Natural Resources Data Library,https://data.daff.gov.au
Land and Water Australia (LWA),https://lwa.gov.au
Practical Index of Salinity Models (PRISM) Database,https://prism.ndsp.gov.au
Department of Agriculture,https://agriculture.gov.au
Minister for Agriculture,https://maff.gov.au
Marine Pests,https://marinepests.gov.au
National Pests and Disease Outbreaks,https://outbreak.gov.au
PaDIL - pests and diseases image library,https://padil.gov.au
Parliamentary Secretary to the Minister for Agriculture,https://psmaff.gov.au
SCAHLS - Sub-Committee on Animal Health Laboratory Standards,https://scahls.org.au
Budd:e Cybersecurity builder,https://budd-e.staysmartonline.gov.au
Department of Communications,https://communications.gov.au
Easy Guide to Socialising Online,https://cybersafetyhelp.gov.au
Digital Business,https://digitalbusiness.gov.au
Get Ready for Digital,https://digitalready.gov.au
Minister for Communications,https://minister.communications.gov.au
Stay Smart Online,https://staysmartonline.gov.au
Telework: Bringing home the benefits of a new way to work,https://telework.gov.au
Air Power Development Centre,https://airpower.airforce.gov.au
DSTO Scientific Publications Online Repository,https://dspace.dsto.defence.gov.au
ADF Financial Services Consumer Council,https://adfconsumer.gov.au
Royal Australian Air Force,https://airforce.gov.au
Australian Ocean Data Centre,https://aodc.gov.au
Australian Army,https://army.gov.au
Australian Army Cadets,https://armycadets.gov.au
Australian Signals Directorate,https://asd.gov.au
Cadetnet (Australian Defence Force Cadets),https://cadetnet.gov.au
Department of Defence,https://defence.gov.au
Defence + Industry Conference,https://defenceandindustry.gov.au
Defence Jobs,https://defencejobs.gov.au
Defence Reserves Support,https://defencereservessupport.gov.au
Defence + Industry ePortal,https://dplusi.defence.gov.au
Australian Hydrographic Service,https://hydro.gov.au
Navy Meteorology and Oceanography,https://metoc.gov.au
Minister for Defence,https://minister.defence.gov.au
Royal Australian Navy,https://navy.gov.au
Australian Navy Cadets (ANC),https://navycadets.gov.au
OnSecure,https://onsecure.gov.au
RAAF Aeronautical Information Service,https://raafais.gov.au
Young Endeavour Youth Scheme,https://youngendeavour.gov.au
International Education,https://internationaleducation.gov.au
Minister for Education and Training,https://ministers.education.gov.au
mychild.gov.au,https://mychild.gov.au
Provider Registration and International Students Management System,https://prisms.deewr.gov.au
School Entry Point,https://schools.deewr.gov.au
Smarter Schools National Partnerships,https://smarterschools.gov.au
Australian Early Development Census (AEDC),https://aedc.gov.au
Australian Qualifications Framework,https://aqf.edu.au
Australian Career Development Studies,https://career.edu.au
Register of Institutions and Courses for Overseas Students,https://cricos.deewr.gov.au
Dare to Lead,https://daretolead.edu.au
Department of Education and Training,https://education.gov.au
HEIMSHelp,https://heimshelp.deewr.gov.au
National Centre for History Education,https://hyperhistory.org
Job Guide,https://jobguide.education.gov.au
National Literacy and Numeracy Week,https://literacyandnumeracy.gov.au
MyUniversity,https://myuniversity.gov.au
Racism. No Way.,https://racismnoway.com.au
Study Assist,https://studyassist.gov.au
Study Overseas,https://studyoverseas.gov.au
Youth.gov.au,https://youth.gov.au
National Youth Week,https://youthweek.com
Department of Employment,https://employment.gov.au
Job Outlook,https://joboutlook.gov.au
Minister for Employment,https://ministers.employment.gov.au
Department of Employment,https://employment.gov.au
Office of the Federal Safety Commissioner,https://fsc.gov.au
JobAccess,https://jobaccess.gov.au
Australian JobSearch,https://jobsearch.gov.au
data.gov.au,https://data.gov.au
Election Commitment Costing,https://electioncostings.gov.au
Parliamentary Secretary to the Minister for Finance,https://finance.gov.au
Ministerial and Parliamentary Services,https://maps.finance.gov.au
Web Guide,https://webguide.gov.au
Australian Government Boards,https://ausgovboards.gov.au
Australia.gov.au - your connection with government,https://australia.gov.au
BoardLinks,https://boardlinks.gov.au
Australian Government Online Directory,https://directory.gov.au
domainname.gov.au - Government Domain Names,https://domainname.gov.au
Department of Finance,https://finance.gov.au
Minister for Finance,https://financeminister.gov.au
Commonwealth GITC 4,https://gitc.finance.gov.au
Gov.au - Governments of Australia Entry Point,https://gov.au
GovDex,https://govdex.gov.au
Parliamentary Secretaries to the Minister for Finance,https://parlsecfinance.gov.au
Public Management Reform Agenda,https://pmra.finance.gov.au
Special Minister of State,https://smos.gov.au
AusTender - The Australian Government Tender System,https://tenders.gov.au
Australia-Japan Foundation,https://ajf.australia.or.jp
Australia: Candidate for the United Nations Security Council 2013-14,https://australia-unsc.gov.au
Parliamentary Secretary to the Minister for Foreign Affairs; Trade and Investment,https://ministers.dfat.gov.au
Health Heroes,https://healthheroes.health.gov.au
Alcohol.gov.au,https://alcohol.gov.au
Bladder and Bowel Website,https://bladderbowel.gov.au
Cancerscreening.gov.au,https://cancerscreening.gov.au
DoctorConnect,https://doctorconnect.gov.au
Drinking Nightmare,https://drinkingnightmare.gov.au
National Drugs Campaign,https://drugs.health.gov.au
eHealth,https://ehealth.gov.au
Food and Health Dialogue,https://foodhealthdialogue.gov.au
Review of Food Labelling Law and Policy,https://foodlabellingreview.gov.au
Department of Health,https://health.gov.au
Health Emergency,https://healthemergency.gov.au
A Healthy and Active Australia,https://healthyactive.gov.au
Australia and New Zealand Horizon Scanning Network,https://horizonscanning.gov.au
Immunise Australia Program,https://immunise.health.gov.au
Independent Review (PBS),https://independentreviewpbs.gov.au
MBS online - medicare benefits schedule online,https://mbsonline.gov.au
How do you measure up?,https://measureup.gov.au
Medical Services Advisory Committee (MSAC),https://msac.gov.au
National Drug Strategy,https://nationaldrugstrategy.gov.au
National Drug Law Enforcement Research Fund,https://ndlerf.gov.au
Office of the Gene Technology Regulator,https://ogtr.gov.au
OzFoodNet,https://ozfoodnet.gov.au
Pharmaceutical Benefits Scheme (PBS),https://pbs.gov.au
Quitnow - National Tobacco Campaign,https://quitnow.gov.au
STIs - Sexually Transmissible Infections,https://sti.health.gov.au
Therapeutic Goods Administration (TGA),https://tga.gov.au
World Aids Day,https://worldaidsday.org.au
Australian Business Licence and Information Service,https://ablis.business.gov.au
ABN Lookup for an Australian business number,https://abr.business.gov.au
DesignGov,https://design.gov.au
eex.gov.au - Energy Efficiency Exchange,https://eex.gov.au
COAG Industry and Skills Council,https://industry.gov.au
Public Sector Innovation Toolkit,https://innovation.govspace.gov.au
Minister for Industry and Science,https://minister.industry.gov.au
Super Fund Lookup,https://superfundlookup.gov.au
Training.gov.au,https://training.gov.au
Australian Astronomical Observatory,https://aao.gov.au
Australian Technology Showcase,https://ats.business.gov.au
Australian Apprenticeships,https://australianapprenticeships.gov.au
Australian Training Awards,https://australiantrainingawards.gov.au
business.gov.au - the Australian Government's principal business resource,https://business.gov.au
Chief Scientist for Australia,https://chiefscientist.gov.au
Business Consultation,https://consultation.business.gov.au
Energy Rating,https://energyrating.gov.au
Department of Industry and Science,https://industry.gov.au
My Skills,https://myskills.gov.au
Nationwide House Energy Rating Scheme,https://nathers.gov.au
www.science.gov.au,https://science.gov.au
National Science Week,https://scienceweek.net.au
Australia and New Zealand SKA project,https://ska.gov.au
space.gov.au - the Australian Government space portal,https://space.gov.au
Your Home,https://yourhome.gov.au
Your Energy Savings,https://yourenergysavings.gov.au
Accredited Air Cargo Agent (AACA) Scheme,https://aaca.infrastructure.gov.au
Infrastructure Investment,https://investment.infrastructure.gov.au
MyRegion,https://myregion.gov.au
Registered Automotive Workshop Scheme,https://raws.infrastructure.gov.au
Road Vehicle Certification System (RVCS),https://rvcs-prodweb.dot.gov.au
TravelSECURE,https://travelsecure.infrastructure.gov.au
Bureau of Infrastructure ( Transport and Regional Economics),https://bitre.gov.au
Green Vehicle Guide,https://greenvehicleguide.gov.au
International Air Services Commission,https://iasc.gov.au
Department of Infrastructure and Regional Development,https://infrastructure.gov.au
Infrastructure Australia,https://infrastructureaustralia.gov.au
Major Project Facilitation,https://majorprojectfacilitation.gov.au
Minister for Infrastructure and Regional Development,https://minister.infrastructure.gov.au
Sydney Airport Community Forum,https://sacf.infrastructure.gov.au
Truck Buyers Guide,https://truckbuyersguide.gov.au
Aged Care Complaints Scheme,https://agedcarecomplaints.govspace.gov.au
Parliamentary Secretary to the Minister for Social Services,https://concettafierravantiwells.dss.gov.au
Australian Homelessness Clearinghouse,https://homelessnessclearinghouse.govspace.gov.au
Assistant Minister for Social Services,https://mitchfifield.dss.gov.au
National Disability Organisations' Clearinghouse,https://ndoch.govspace.gov.au
Minister for Social Services,https://scottmorrison.dss.gov.au
Service Delivery in Government,https://servicedelivery.dss.gov.au
Australian Disability Enterprises,https://australiandisabilityenterprises.com.au
National Companion Card,https://companioncard.gov.au
Department of Social Services,https://dss.gov.au
Family Relationships,https://familyrelationships.gov.au
Find & Connect - Orphanages and children's Homes,https://findandconnect.gov.au
My Aged Care,https://myagedcare.gov.au
NABS - National Auslan Booking and Payment Service,https://nabs.org.au
Problem gambling,https://problemgambling.gov.au
The Line,https://theline.org.au
National Public Toilet Map,https://toiletmap.gov.au
Young Carers,https://youngcarers.net.au
Minister for the Environment,https://environment.gov.au
Australian Heritage Week,https://heritage-week.govspace.gov.au
NRM knowledge online,https://nrmonline.nrm.gov.au
Australian Alps National Parks,https://theaustralianalps.wordpress.com
Department of the Environment,https://environment.gov.au
Lake Eyre Basin Agreement,https://lebmf.gov.au
National Pollutant Inventory,https://npi.gov.au
Caring for our Country,https://nrm.gov.au
Tropical Rivers and Coastal Knowledge,https://track.org.au
Water Efficiency Labelling and Standards Scheme,https://waterrating.gov.au
Parliamentary Secretary to the Prime Minister,https://alantudge.dpmc.gov.au
Reform of the Federation White Paper,https://federation.dpmc.gov.au
Australian Government Register of Lobbyists,https://lobbyists.pmc.gov.au
Minister for Indigenous Affairs,https://minister.indigenous.gov.au
Minister Assisting the Prime Minister for Women,https://minister.women.gov.au
White Paper on Developing Northern Australia,https://northernaustralia.dpmc.gov.au
Best Practice Regulation Updates,https://ris.dpmc.gov.au
Office for Women,https://dpmc.gov.au
HIH Royal Commission (2001-2003),https://hihroyalcom.gov.au
indigenous.gov.au,https://indigenous.gov.au
It's an Honour,https://itsanhonour.gov.au
NAIDOC week,https://naidoc.org.au
Prime Minister of Australia,https://pm.gov.au
Department of the Prime Minister and Cabinet,https://pmc.gov.au
Royal Commission into Building & Construction Industry (2001-03),https://royalcombci.gov.au
At Ease,https://at-ease.dva.gov.au
Minister for Veterans' Affairs,https://minister.dva.gov.au
Anzac Centenary,https://anzaccentenary.gov.au
100 Years of Anzac,https://anzacportal.dva.gov.au
Gallipoli and the Anzacs,https://anzacsite.gov.au
Australians at War,https://australiansatwar.gov.au
The Australians at War Film Archive,https://australiansatwarfilmarchive.gov.au
Australian War Memorial London,https://awmlondon.net.au
Defence Service Homes (DSH),https://dsh.gov.au
Department of Veterans' Affairs,https://dva.gov.au
Nominal Roll of Australian Veterans of the Korean War,https://koreanroll.gov.au
Repatriation Medical Authority (RMA),https://rma.gov.au
The Right Mix,https://therightmix.gov.au
Nominal Roll of Vietnam Veterans,https://vietnamroll.gov.au
Veterans' Review Board,https://vrb.gov.au
Australians on the Western Front 1914–1918,https://ww1westernfront.gov.au
Australia's War 1939-1945,https://ww2australia.gov.au
World War 2 Nominal Roll,https://ww2roll.gov.au
Minister for Small Business,https://bfb.ministers.treasury.gov.au
Consumer and Financial Literacy Taskforce (2004),https://cfltaskforce.treasury.gov.au
International Comparison of Australia's Taxes (2006),https://comparativetaxation.treasury.gov.au
Commonwealth Debt Management Review (2002-2003),https://debtreview.treasury.gov.au
Study of Financial System Guarantees (2003-2004),https://fsgstudy.treasury.gov.au
Review of the Insurance Contracts Act (2003),https://icareview.treasury.gov.au
Assistant Treasurer,https://jaf.ministers.treasury.gov.au
Treasurer,https://jbh.ministers.treasury.gov.au
Parliamentary Secretary to the Treasurer,https://kmo.ministers.treasury.gov.au
Managed Investments Act - Review,https://miareview.treasury.gov.au
Treasury Portfolio Ministers,https://ministers.treasury.gov.au
Retirement and Income Modelling,https://rim.treasury.gov.au
Review of Income Tax Self Assessment (2004),https://selfassessment.treasury.gov.au
Simplified Superannuation,https://simplersuper.treasury.gov.au
Stronger super,https://strongersuper.treasury.gov.au
Australia's Future Tax System,https://taxreview.treasury.gov.au
Taxation of Financial Arrangements (2008),https://tofa.treasury.gov.au
Australian Government Actuary,https://aga.gov.au
Contact Point for the OECD Guidelines for Multinational Enterprises,https://ausncp.gov.au
Australian Banking Reforms,https://bankingreforms.gov.au
Budget 2014-15,https://budget.gov.au
Australian Consumer Law,https://consumerlaw.gov.au
Review of Business Taxation (1998-1999),https://rbt.treasury.gov.au
Standard Business Reporting,https://sbr.gov.au
Super System Review,https://supersystemreview.gov.au
Takeovers Panel,https://takeovers.gov.au
Treasury,https://treasury.gov.au
Migration Blog,https://migrationblog.immi.gov.au
SkillSelect Support,https://skillselect.govspace.gov.au
Citizenship wizard,https://citizenship.gov.au
Department of Immigration and Border Protection,https://immi.gov.au
Minister for Immigration and Border Protection,https://minister.immi.gov.au
Constitution for a Nation,https://constitution.naa.gov.au
Discovering Anzacs,https://discoveringanzacs.naa.gov.au
Australia's Prime Ministers,https://primeministers.naa.gov.au
Uncommon Lives,https://uncommonlives.naa.gov.au
Vrroom - Virtual Reading Room,https://vrroom.naa.gov.au
AGLS metadata standard,https://agls.gov.au
Destination: Australia,https://destinationaustralia.gov.au
Documenting a Democracy - Australia's story,https://foundingdocs.gov.au
National Archives of Australia,https://naa.gov.au
Australian Spatial Data Directory,https://asdd.ga.gov.au
Sentinel,https://sentinel.ga.gov.au
Atlas of Mineral Resources Mines & Processing Centres,https://australianminesatlas.gov.au
Geoscience Australia,https://ga.gov.au
Geoscience Portal - geoscience.gov.au,https://geoscience.gov.au
Intergovernmental Committee on Surveying and Mapping,https://icsm.gov.au
OzCoasts,https://ozcoasts.gov.au
Centenary of Australian Antarctic Expeditions,https://centenary.antarctica.gov.au
Classroom Antarctica,https://classroom.antarctica.gov.au
Australian Antarctic Data Centre,https://data.aad.gov.au
Heard Island and McDonald Islands,https://heardisland.antarctica.gov.au
Antarctic Expedition and Mawson's Huts Historic sites,https://mawsonshuts.antarctica.gov.au
Australian Antarctic Division,https://antarctica.gov.au
Australian Marine Mammal Centre,https://marinemammals.gov.au
Austrade (Australian Trade Commission),https://austrade.gov.au
Australian Export Awards,https://exportawards.gov.au
Study in Australia,https://studyinaustralia.gov.au
Stylefile - Australian Design Showcase,https://stylefile.com.au
Women in Global Business,https://wigb.gov.au
Commonwealth Superannuation Corporation retirement income,https://cscri.gov.au
Commonwealth Superannuation Corporation,https://csc.gov.au
Commonwealth Superannuation Scheme,https://css.gov.au
Defence Force Retirement and Death Benefits Scheme,https://dfrdb.gov.au
Military Superannuation and Benefits Scheme,https://militarysuper.gov.au
Public Sector Superannuation Scheme,https://pss.gov.au
Public Sector Superannuation Accumulation Plan,https://pssap.gov.au
Human Research Ethics Portal,https://hrep.nhmrc.gov.au
Australian clinical trials,https://australianclinicaltrials.gov.au
National Ethics Application Form,https://neaf.gov.au
National Health and Medical Research Council (NHMRC),https://nhmrc.gov.au
Nutrient Reference Values,https://nrv.gov.au
Australia.com,https://australia.com
Tourism Australia Image Gallery,https://images.australia.com
Tourism Australia,https://tourism.australia.com
Trade Events,https://tradeevents.australia.com
The Thai–Burma Railway and Hellfire Pass,https://hellfire-pass.commemoration.gov.au
The Kokoda Track,https://kokoda.commemoration.gov.au
Australia's involvement in the Korean War,https://korean-war.commemoration.gov.au
Australian involvement in South-East Asian Conflicts,https://se-asia.commemoration.gov.au
Australia and the Vietnam War,https://vietnam-war.commemoration.gov.au
Anzac Day - teaching and learning about Anzac Day,https://anzacday.gov.au
Predictive Ocean Atmosphere Model for Australia,https://poama.bom.gov.au
Bureau of Meteorology,https://bom.gov.au
Centre for Australian Weather and Climate Research,https://cawcr.gov.au
Radio and Space Weather Services,https://ips.gov.au
National Treasures from Australia's great libraries,https://nationaltreasures.nla.gov.au
South Seas Voyaging and Cross-Cultural Encounters (1760-1800),https://southseas.nla.gov.au
National Library of Australia,https://nla.gov.au
Australian Pictorial Thesaurus,https://picturethesaurus.gov.au
ahm - Health Insurance,https://ahm.com.au
Medibank Private,https://medibank.com.au
Medibank Health Solutions,https://medibankhealth.com.au
Travel Doctor (travellers medical and vaccination centre),https://traveldoctor.com.au
ABS BetaWorks,https://betaworks.abs.gov.au
Australian Bureau of Statistics,https://abs.gov.au
National Statistical Service,https://nss.gov.au
Connecting: arts audiences online,https://connectarts.australiacouncil.gov.au
Australia Council for the Arts,https://australiacouncil.gov.au
Get Reading!,https://getreading.com.au
Australian Communications and Media Authority,https://acma.gov.au
Cybersmart,https://cybersmart.gov.au
Do Not Call Register,https://donotcall.gov.au
Maritime Travellers Processing Committee (MTPC),https://mtpc.govspace.gov.au
Anti-Dumping Commission,https://adcommission.gov.au
Border Protection Command,https://bpc.gov.au
Cargo Support,https://cargosupport.gov.au
Australian Customs and Border Protection Service,https://customs.gov.au
Australian Competition and Consumer Commission,https://accc.gov.au
Product Safety Australia,https://productsafety.gov.au
Product Safety Recalls Australia,https://recalls.gov.au
Scamwatch,https://scamwatch.gov.au
Get Voting,https://education.aec.gov.au
Australian Electoral Commission - Election results archive,https://results.aec.gov.au
Australian Electoral Commission,https://aec.gov.au
Australian Curriculum  Assessment and Reporting Authority (ACARA),https://acara.edu.au
Foundation to Year 12 Australian Curriculum online,https://australiancurriculum.edu.au
My School,https://myschool.edu.au
Published Notices (Insolvency Notices),https://insolvencynotices.asic.gov.au
Australian Securities and Investments Commission,https://asic.gov.au
National Financial Literacy Strategy,https://financialliteracy.gov.au
MoneySmart,https://moneysmart.gov.au
Australian Business Register (ABR),https://abr.gov.au
Legal Database - Australian Taxation Office,https://law.ato.gov.au
Australian Taxation Office,https://ato.gov.au
Tax Super + You. Take control,https://taxsuperandyou.gov.au
Australian Sports Commission Learning Portal,https://learning.ausport.gov.au
Clearinghouse for Sport,https://secure.ausport.gov.au
Australian Institute of Sport,https://ausport.gov.au
Play by the Rules,https://playbytherules.net.au
Australian Public Service Commission,https://apsc.gov.au
APSjobs,https://apsjobs.gov.au
Public Sector Management (PSM) Program,https://psmprogram.gov.au
Australian Federal Police,https://afp.gov.au
National Missing Persons Coordination Centre,https://missingpersons.gov.au
Australian Institute of Criminology,https://aic.gov.au
Criminology Research Grants Program,https://criminologyresearchcouncil.gov.au
Indigenous Justice Clearinghouse,https://indigenousjustice.gov.au
METeOR - Metadata Online Registry,https://meteor.aihw.gov.au
Mental health services in Australia,https://mhsa.aihw.gov.au
Australian Institute of Health and Welfare,https://aihw.gov.au
MyHospitals,https://myhospitals.gov.au
Clean Energy Finance Corporation,https://cleanenergyfinancecorp.com.au
Renewable Energy Target,https://ret.cleanenergyregulator.gov.au
Clean Energy Regulator,https://cleanenergyregulator.gov.au
REC Registry,https://rec-registry.gov.au
Aboriginal Hostels Limited (AHL),https://ahl.gov.au
Administrative Appeals Tribunal,https://aat.gov.au
Council of Australasian Tribunals (COAT),https://coat.gov.au
Airservices Australia,https://airservices.gov.au
Animal Health Australia,https://animalhealthaustralia.com.au
Anindilyakwa Land Council (ALC),https://anindilyakwa.com.au
ANZLIC - The Spatial Information Council,https://anzlic.org.au
Army and Air Force Canteen Service,https://aafcans.com.au
Asbestos Safety and Eradication Agency,https://asbestossafety.gov.au
Auditing and Assurance Standards Board,https://auasb.gov.au
Australasian Procurement and Construction Council,https://apcc.gov.au
Australian Accounting Standards Board,https://aasb.gov.au
Australian Aged Care Quality Agency,https://aacqa.gov.au
Australian Air Force Cadets,https://aafc.org.au
Protect your financial identity,https://protectfinancialid.org.au
Australia Plus TV,https://tv.australiaplus.com
ABC - Australian Broadcasting Corporation,https://abc.net.au
Australian Building Codes Board,https://abcb.gov.au
Australian Centre for International Agricultural Research blog,https://aciarblog.blogspot.com.au
Australian Centre for International Agricultural Research,https://aciar.gov.au
Australian Charities and Not-for-profits Commission,https://acnc.gov.au
Australian Children's Education and Care Quality Authority,https://acecqa.gov.au
Australian Children's Television Foundation,https://actf.com.au
Australian Civil-Military Centre,https://acmc.gov.au
Australian Clearinghouse for Youth Studies (ACYS),https://acys.info
Australian Commission for Law Enforcement Integrity,https://aclei.gov.au
Australian Commission on Safety and Quality in Health Care,https://safetyandquality.gov.au
Australian Competition Tribunal,https://competitiontribunal.gov.au
Australian Crime Commission,https://crimecommission.gov.au
Australian Drug Information Network (ADIN),https://adin.com.au
Australian Egg Corporation Ltd,https://aecl.org
Australian Energy Market Commission (AEMC),https://aemc.gov.au
Australian Energy Regulator (AER),https://aer.gov.au
Energy Made Easy,https://energymadeeasy.gov.au
Australian Film Television and Radio School (AFTRS),https://aftrs.edu.au
Australian Financial Security Authority,https://afsa.gov.au
Personal Property Securities Register,https://ppsr.gov.au
Australian Fisheries Management Authority,https://afma.gov.au
Torres Strait Protected Zone Joint Authority,https://pzja.gov.au
Australian Government Solicitor,https://ags.gov.au
Australian Hearing (AH),https://hearing.com.au
Australian Human Rights Commission,https://humanrights.gov.au
Australian Institute for Teaching and School Leadership,https://aitsl.edu.au
Australian Institute of Aboriginal and Torres Strait Islander Studies,https://aiatsis.gov.au
Australian Institute of Family Studies (AIFS),https://aifs.gov.au
Child Family Community Australia,https://www3.aifs.gov.au
Corals of the World online,https://coral.aims.gov.au
Australian Institute of Marine Science,https://aims.gov.au
Australian Institute of Police Management,https://aipm.gov.au
Australian Law Reform Commission,https://alrc.gov.au
National Search and Rescue Council,https://natsar.amsa.gov.au
Australian Maritime Safety Authority,https://amsa.gov.au
Online Zoological Collections of Australian Museums,https://ozcam.org.au
Australian National Audit Office,https://anao.gov.au
Australian National Botanic Gardens,https://anbg.gov.au
Australian National Maritime Museum,https://anmm.gov.au
Australian Data Archive (ADA),https://ada.edu.au
Australian Nuclear Science and Technology Organisation,https://ansto.gov.au
Australian Office of Financial Management,https://aofm.gov.au
Australian Organ and Tissue Authority,https://donatelife.gov.au
Australian Pesticides and Veterinary Medicines Authority - archive site,https://archive.apvma.gov.au
Australian Pesticides and Veterinary Medicines Authority,https://apvma.gov.au
Australian Pork Ltd,https://australianpork.com.au
Australia Post,https://auspost.com.au
Australian Prudential Regulation Authority,https://apra.gov.au
National Claims and Policies Database (NCPD),https://ncpd.apra.gov.au
Australian Radiation Protection and Nuclear Safety Agency,https://arpansa.gov.au
Australian Rail Track Corporation,https://artc.com.au
Australian Reinsurance Pool Corporation,https://arpc.gov.au
Australian Renewable Energy Agency (ARENA),https://arena.gov.au
Australian Research Council,https://arc.gov.au
Australian Secret Intelligence Service (ASIS),https://asis.gov.au
Australian Security Intelligence Organisation (ASIO),https://asio.gov.au
Australian Skills Quality Authority (ASQA),https://asqa.gov.au
Australian Small Business Commissioner,https://asbc.gov.au
Australian Solar Institute,https://australiansolarinstitute.com.au
Anti-Doping Update,https://asada.govspace.gov.au
Australian Sports Anti-Doping Authority,https://asada.gov.au
Australian Sports Drug Medical Advisory Committee,https://asdmac.gov.au
Australian Sports Foundation,https://asf.org.au
Australian Statistics Advisory Council (ASAC),https://asac.gov.au
Australian Strategic Policy Institute (ASPI),https://aspi.org.au
Australian Transaction Reports and Analysis Centre,https://austrac.gov.au
Australian Transport Safety Bureau,https://atsb.gov.au
Australian Valuation Office (AVO),https://avo.gov.au
Australia-Japan Research Project,https://ajrp.awm.gov.au
Australian War Memorial,https://awm.gov.au
Weeds Australia,https://weeds.org.au
Australian Wool Innovation Ltd,https://wool.com
Australian Workforce and Productivity Agency,https://awpa.gov.au
Austroads,https://austroads.com.au
Beyondblue: the national depression initiative,https://beyondblue.org.au
Board of Taxation,https://taxboard.gov.au
Bundanon Trust,https://bundanon.com.au
Cancer Australia,https://canceraustralia.gov.au
Cancer Learning,https://cancerlearning.gov.au
Central Land Council (CLC),https://clc.org.au
Centre for National Biodiversity Research and National Herbarium,https://cpbr.gov.au
ThinkUKnow,https://thinkuknow.org.au
Civil Aviation Safety Authority,https://casa.gov.au
Education Council,https://scseec.edu.au
COAG Energy Council,https://scer.gov.au
COAG Health Council,https://coaghealthcouncil.gov.au
Law Crime and Community Safety Council,https://lccsc.gov.au
Transport and Infrastructure Council,https://transportinfrastructurecouncil.gov.au
Comcare,https://comcare.gov.au
Commonwealth Director of Public Prosecutions,https://cdpp.gov.au
Commonwealth Grants Commission,https://cgc.gov.au
Commonwealth Ombudsman,https://ombudsman.gov.au
Postal Industry Ombudsman,https://pio.gov.au
ComSuper,https://comsuper.gov.au
Copyright Tribunal of Australia,https://copyrighttribunal.gov.au
Corporations and Markets Advisory Committee (CMAC),https://camac.gov.au
Cotton Research and Development Corporation,https://crdc.com.au
Coordinating Committee for Gov Radiocommunications,https://nccgr.govspace.gov.au
Council of Australian Governments,https://coag.gov.au
Council of Heads of Australasian Herbaria (CHAH),https://chah.gov.au
Council on Federal Financial Relations,https://federalfinancialrelations.gov.au
Creative Partnerships Australia,https://creativepartnershipsaustralia.org.au
Australian Cybercrime Online Reporting Network,https://acorn.gov.au
CrimTrac,https://crimtrac.gov.au
Dairy Australia,https://dairyaustralia.com.au
Defence Families of Australia,https://dfa.org.au
Defence Force Discipline Appeal Tribunal,https://defenceappeals.gov.au
Defence Force Remuneration Tribunal,https://dfrt.gov.au
Investing with DHA,https://invest.dha.gov.au
Defence Housing Australia (DHA),https://dha.gov.au
Defence Science and Technology Organisation,https://dsto.defence.gov.au
Department of Human Services,https://humanservices.gov.au
Parks Australia,https://blog.parksaustralia.gov.au
Parks Australia,https://parksaustralia.gov.au
Disability Policy & Research Working Group,https://dprwg.gov.au
Australian Indigenous HealthInfoNet,https://healthinfonet.ecu.edu.au
Education Services Australia Limited,https://esa.edu.au
Global Education,https://globaleducation.edu.au
Electoral Council of Australia & New Zealand,https://ecanz.gov.au
Australian Election Portal,https://elections.gov.au
Electrical Regulatory Authorities Council,https://erac.gov.au
Emergency Alert,https://emergencyalert.gov.au
Export Finance and Insurance Corporation,https://efic.gov.au
Fair Work Building and Construction,https://fwbc.gov.au
Fair Work Commission,https://fwc.gov.au
Fair Work Ombudsman,https://fairwork.gov.au
Commonwealth Courts Portal,https://comcourts.gov.au
Family Court of Australia,https://familycourt.gov.au
Family Law Courts,https://familylawcourts.gov.au
Federal Circuit Court of Australia,https://federalcircuitcourt.gov.au
Federal Court of Australia,https://fedcourt.gov.au
Financial Reporting Council,https://frc.gov.au
Fish.gov.au,https://fish.gov.au
Fisheries Research and Development Corporation,https://frdc.com.au
Food Standards Australia New Zealand,https://foodstandards.gov.au
Foreign Investment Review Board,https://firb.gov.au
Forest and Wood Products Australia,https://fwpa.com.au
Future Fund,https://futurefund.gov.au
Grains Research and Development Corporation,https://grdc.com.au
Managing Climate Variability Program,https://managingclimate.gov.au
Grape and Wine Research and Development Corporation,https://gwrdc.com.au
Great Barrier Reef Marine Park Authority,https://gbrmpa.gov.au
ReefED,https://reefed.edu.au
headspace,https://headspace.org.au
healthdirect Australia,https://healthdirect.gov.au
Mindhealthconnect,https://mindhealthconnect.org.au
Pregnancy Birth and Baby,https://pregnancybirthbaby.org.au
High Court of Australia,https://hcourt.gov.au
Horticulture Australia,https://horticulture.com.au
Indigenous Business Australia (IBA),https://iba.gov.au
Indigenous Land Corporation (ILC),https://ilc.gov.au
Inspector-General of Intelligence and Security (IGIS),https://igis.gov.au
Inspector General of Taxation,https://igt.gov.au
Advisory Council on Intellectual Property,https://acip.gov.au
IP Australia,https://ipaustralia.gov.au
JAS-ANZ,https://jas-anz.com.au
National Program for Sustainable Irrigation,https://npsi.gov.au
LiveCorp,https://livecorp.com.au
Meat and Livestock Australia,https://mla.com.au
Migration Review Tribunal - Refugee Review Tribunal,https://mrt-rrt.gov.au
Artbank - national contemporary art rental,https://artbank.gov.au
Ministry for the Arts,https://arts.gov.au
Free Flow - the MDBA blog,https://freeflow.mdba.gov.au
Murray-Darling Basin Authority,https://mdba.gov.au
Billy Hughes at war,https://billyhughes.moadoph.gov.au
Museum of Australian Democracy: Collection,https://collection.moadoph.gov.au
Discovering Mildenhall's Canberra,https://mildenhall.moadoph.gov.au
Museum of Australian Democracy at Old Parliament House,https://moadoph.gov.au
National Acoustic Laboratories (NAL),https://nal.gov.au
Australia Day,https://australiaday.org.au
Australian of the Year Awards,https://australianoftheyear.org.au
National Blood Authority,https://nba.gov.au
National Capital Authority,https://nationalcapital.gov.au
National Commission of Audit (2013),https://ncoa.gov.au
National Competition Council,https://ncc.gov.au
National Disability Insurance Scheme,https://ndis.gov.au
National E-Health Transition Authority,https://nehta.gov.au
Australian Screen,https://aso.gov.au
National Film and Sound Archive,https://nfsa.gov.au
National Gallery of Australia Collection Search,https://artsearch.nga.gov.au
National Gallery of Australia,https://nga.gov.au
Australian Prints + Printmaking,https://printsandprintmaking.gov.au
GreenPower,https://greenpower.gov.au
National Industrial Chemicals Notification and Assessment Scheme,https://nicnas.gov.au
Nican - National Information Communication Awareness Network,https://nican.com.au
International Day of People with Disability,https://idpwd.com.au
market based instruments for NRM change,https://marketbasedinstruments.gov.au
National Measurement Institute,https://measurement.gov.au
Recollections: a journal of museums and collections,https://recollections.nma.gov.au
National Museum of Australia,https://nma.gov.au
National Native Title Tribunal,https://nntt.gov.au
National Nursing and Nursing Education Taskforce,https://nnnet.gov.au
Offshore Petroleum Safety and Environmental Management,https://nopsema.gov.au
National Portrait Gallery,https://portrait.gov.au
National Serology Reference Laboratory,https://nrl.gov.au
National Transport Commission,https://ntc.gov.au
National Water Commission (NWC),https://nwc.gov.au
Australian Water Resources 2005,https://water.gov.au
NBN Co Limited,https://nbnco.com.au
Northern land council (NLC),https://nlc.org.au
Office for Learning and Teaching (OLT),https://olt.gov.au
Office of National Assessments (ONA),https://ona.gov.au
Office of Parliamentary Counsel,https://opc.gov.au
First Home Owner Grant,https://firsthome.gov.au
Office of the Aged Care Commissioner,https://agedcarecommissioner.gov.au
Office of the Australian Information Commissioner,https://oaic.gov.au
Office of the Migration Agents Registration Authority (MARA),https://mara.gov.au
Governor-General of the Commonwealth of Australia,https://gg.gov.au
Office of the Registrar of Indigenous Corporations (ORIC),https://oric.gov.au
Office of Township Leasing,https://otl.gov.au
Parliament of Australia,https://aph.gov.au
Parliamentary Education Office,https://peo.gov.au
Plant Health Australia,https://planthealthaustralia.com.au
Private Health Insurance Administration Council (PHIAC),https://phiac.gov.au
Private Health Insurance Ombudsman,https://phio.org.au
PrivateHealth.gov.au,https://privatehealth.gov.au
Productivity Commission,https://pc.gov.au
Professional Services Review (PSR),https://psr.gov.au
Professional Standards Board for Patent and Trade Mark Attorneys,https://psb.gov.au
Public Health Information Development Unit,https://publichealth.gov.au
Questacon - The National Science and Technology Centre,https://questacon.edu.au
Regional Development Australia,https://rda.gov.au
Remuneration Tribunal (RT),https://remtribunal.gov.au
Reserve Bank of Australia,https://rba.gov.au
Royal Australian Mint,https://ramint.gov.au
Rural Industries Research and Development Corporation,https://rirdc.gov.au
Hazardous Substances Information System,https://hsis.safeworkaustralia.gov.au
Safe Work Australia,https://safeworkaustralia.gov.au
Safety  Rehabilitation and Compensation Commission (SRCC),https://srcc.gov.au
Australian Biography,https://australianbiography.gov.au
Screen Australia,https://screenaustralia.gov.au
Seafarers Safety  Rehabilitation and Compensation Authority (Seacare),https://seacare.gov.au
Snowy Hydro Limited,https://snowyhydro.com.au
Social Security Appeals Tribunal,https://ssat.gov.au
SBS - Special Broadcasting Service,https://sbs.com.au
Sugar Research Australia,https://sugarresearch.com.au
Superannuation Complaints Tribunal,https://sct.gov.au
Cockatoo Island,https://cockatooisland.gov.au
Sydney Harbour Federation Trust,https://harbourtrust.gov.au
Tax Practitioners Board,https://tpb.gov.au
Telecommunications Universal Service Management Agency,https://tusma.gov.au
Tertiary Education Quality and Standards Agency,https://teqsa.gov.au
Australia New Zealand Therapeutic Products Agency (ANZTPA),https://anztpa.org
Tiwi Land Council,https://tiwilandcouncil.com
Torres Strait Regional Authority,https://tsra.gov.au
Transport Certification Australia,https://tca.gov.au
Traveller's guide to Australian interstate quarantine,https://quarantinedomestic.gov.au
Wet Tropics Management Authority,https://wettropics.gov.au
Wheat Exports Australia,https://wea.gov.au
Wine Australia Corporation,https://wineaustralia.com
Workplace Gender Equality Agency,https://wgea.gov.au
My.Gov,https://my.gov.au
govspace,https://govspace.gov.au
Unique Student Identifier,https://usi.gov.au
Grains Research and Development Corporation,https://grdc.gov.au
Royal Commission into Institutional Child Sexual Abuse,https://childabuseroyalcommission.gov.au
Challenge of Change – The 2015 Intergenerational Report,https://challengeofchange.gov.au
National Relay Service,https://relayservice.gov.au
National Archives - arcHIVE,https://transcribe.naa.gov.au
Reinventing the ATO,https://reinventing.ato.gov.au
Innovation xchange,https://innovationxchange.dfat.gov.au
Tell me something I don't know,https://tellmesomethingidontknow.gov.au
Sporting Scools,https://sportingschools.gov.au
Art Facts,https://artfacts.australiacouncil.gov.au
Navy Daily,https://news.navy.gov.au
Australian Pesticides and Veterinary Medicines Authority,https://new.apvma.gov.au
National Archives RecordSearch Forum,https://forum.naa.gov.au
ATO Better Tax,https://bettertax.gov.au
Australian Embassy Argentina,https://argentina.embassy.gov.au
Australian Embassy Japan,https://australia.or.jp
Australian Commerce and Industry Office Taipei,https://australia.org.tw
Australia Awards,https://australiaawards.gov.au
Australian Consulate-General Noumea New Caledonia,https://australianconsulatenoumea.embassy.gov.au
Australian Embassy and Permanent Mission to the United Nations,https://austria.embassy.gov.au
Australian Consulate-General Bali Indonesia,https://bali.indonesia.embassy.gov.au
Australian High Commission Bangladesh,https://bangladesh.embassy.gov.au
Australian Embassy and Mission to the European Communities Belgium-Luxembourg,https://belgium.embassy.gov.au
Australian Embassy Brazil,https://brazil.embassy.gov.au
Australian High Commission Brunei Darussalam,https://bruneidarussalam.embassy.gov.au
Australian Embassy Burma,https://burma.embassy.gov.au
Australian Embassy Cambodia,https://cambodia.embassy.gov.au
Australian High Commission Canada,https://canada.embassy.gov.au
Australian Embassy Chile,https://chile.embassy.gov.au
Australian Embassy China,https://china.embassy.gov.au
Australian Embassy Croatia,https://croatia.embassy.gov.au
Australian High Commission Cyprus,https://cyprus.embassy.gov.au
Australian Embassy Denmark,https://denmark.embassy.gov.au
Department of Foreign Affairs and Trade,https://dfat.gov.au
Australian Embassy East Timor,https://easttimor.embassy.gov.au
Australian Embassy Egypt,https://egypt.embassy.gov.au
Australian High Commission Fiji,https://fiji.embassy.gov.au
Minister for Foreign Affairs,https://foreignminister.gov.au
Australian Embassy France,https://france.embassy.gov.au
Australian Embassy Federated States of Micronesia,https://fsm.embassy.gov.au
Australian Permanent Mission and Consulate General Geneva Switzerland,https://geneva.mission.gov.au
Australian Embassy Germany,https://germany.embassy.gov.au
Australian High Commission Ghana,https://ghana.embassy.gov.au
Australian Embassy Greece,https://greece.embassy.gov.au
Australian Consulate-General Guangzhou China,https://guangzhou.china.embassy.gov.au
Australian Embassy The Holy See,https://holysee.embassy.gov.au
Australian Consulate-General Hong Kong China,https://hongkong.china.embassy.gov.au
Australian Embassy Hungary,https://hungary.embassy.gov.au
Australian High Commission India,https://india.embassy.gov.au
Australian Embassy Indonesia,https://indonesia.embassy.gov.au
Australian Embassy Islamic Republic of Iran,https://iran.embassy.gov.au
Australian Embassy Iraq,https://iraq.embassy.gov.au
Australian Embassy Ireland,https://ireland.embassy.gov.au
Australian Embassy Israel,https://israel.embassy.gov.au
Australian Embassy Italy,https://italy.embassy.gov.au
Australian Embassy Jordan,https://jordan.embassy.gov.au
Australian High Commission Kenya,https://kenya.embassy.gov.au
Australian High Commission Kiribati,https://kiribati.embassy.gov.au
Australian Embassy Kuwait,https://kuwait.embassy.gov.au
Australian Embassy Lao People's Democratic Republic,https://laos.embassy.gov.au
Australian Embassy Lebanon,https://lebanon.embassy.gov.au
Australian Consulate-General Los Angeles USA,https://losangeles.consulate.gov.au
Australian High Commission Malaysia,https://malaysia.embassy.gov.au
Australian High Commission Malta,https://malta.embassy.gov.au
Australian Embassy Mexico,https://mexico.embassy.gov.au
Australian Embassy Nepal,https://nepal.embassy.gov.au
Australian Embassy Netherlands,https://netherlands.embassy.gov.au
Australian Consulate-General New York CG United States of America,https://newyork.usa.embassy.gov.au
Australian High Commission New Zealand,https://newzealand.embassy.gov.au
Australian High Commission Nigeria,https://nigeria.embassy.gov.au
Online Registration for Australian Overseas,https://orao.dfat.gov.au
Australian High Commission Pakistan,https://pakistan.embassy.gov.au
Australian Passport Office,https://passports.gov.au
Australian Embassy Philippines,https://philippines.embassy.gov.au
Australian High Commission Papua New Guinea,https://png.highcommission.gov.au
Australian Embassy Poland,https://poland.embassy.gov.au
Australian Embassy Portugal,https://portugal.embassy.gov.au
Australian Representative Office Ramallah,https://ramallah.mission.gov.au
Australian Embassy Russian Federation,https://russia.embassy.gov.au
Australian High Commission Samoa,https://samoa.embassy.gov.au
Australian Embassy Saudi Arabia,https://saudiarabia.embassy.gov.au
Australian Embassy Serbia,https://serbia.embassy.gov.au
Australian Consulate-General Shanghai China,https://shanghai.china.embassy.gov.au
Australian High Commission Singapore,https://singapore.embassy.gov.au
Smartraveller,https://smartraveller.gov.au
Australian High Commission Solomon Islands,https://solomonislands.embassy.gov.au
Australian High Commission South Africa,https://southafrica.embassy.gov.au
Australian Embassy Republic of Korea,https://southkorea.embassy.gov.au
Australian Embassy Spain,https://spain.embassy.gov.au
Australian High Commission Sri Lanka,https://srilanka.embassy.gov.au
Australian Embassy Sweden,https://sweden.embassy.gov.au
Australian Embassy Thailand,https://thailand.embassy.gov.au
Australian High Commission Tonga,https://tonga.embassy.gov.au
Minister for Trade and Investment,https://trademinister.gov.au
Australian High Commission Trinidad and Tobago,https://trinidadandtobago.embassy.gov.au
Australian Embassy Turkey,https://turkey.embassy.gov.au
Australian Embassy United Arab Emirates,https://uae.embassy.gov.au
Australian High Commission United Kingdom,https://uk.embassy.gov.au
Australian Permanent Mission to the United Nations New York,https://unny.mission.gov.au
Australian Embassy United States of America,https://usa.embassy.gov.au
Australian High Commission Vanuatu,https://vanuatu.embassy.gov.au
Australian Embassy Vietnam,https://vietnam.embassy.gov.au
Australian Embassy Zimbabwe,https://zimbabwe.embassy.gov.au
